region,scenario,year,pop_1e6,pop_low_inc_1e6,final_ener_dem_EJ,
Africa_Eastern,SSP126,2025,371.287751,129.26383,6.583102939,-242.023921
Africa_Eastern,SSP126,2030,409.174644,121.086029,7.786719264,-288.088615
Africa_Eastern,SSP126,2035,444.937288,111.9188019,9.209489041,-333.0184861
Africa_Eastern,SSP126,2040,477.900428,102.1787521,10.84856454,-375.7216759
Africa_Eastern,SSP126,2045,509.304509,92.55920626,12.7149696,-416.7453027
Africa_Eastern,SSP126,2050,538.371587,83.16549138,14.61175845,-455.2060956
Africa_Eastern,SSP126,2055,563.285012,73.96191506,16.60305261,-489.3230969
Africa_Eastern,SSP126,2060,583.707026,65.14690658,18.53954723,-518.5601194
Africa_Northern,SSP126,2025,220.363459,1.432969381,8.507049775,-218.9304896
Africa_Northern,SSP126,2030,233.583994,1.291098378,9.652080068,-232.2928956
Africa_Northern,SSP126,2035,245.265228,1.15231486,10.79123475,-244.1129131
Africa_Northern,SSP126,2040,255.616161,1.020804122,11.82747095,-254.5953569
Africa_Northern,SSP126,2045,264.971577,0.89944026,12.75084485,-264.0721367
Africa_Northern,SSP126,2050,272.71628,0.786870063,13.47689264,-271.9294099
Africa_Northern,SSP126,2055,278.425476,0.682841417,14.09557902,-277.7426346
Africa_Northern,SSP126,2060,282.011444,0.587890635,14.55836359,-281.4235534
Africa_Southern,SSP126,2025,209.485737,105.7342412,4.135355425,-103.7514958
Africa_Southern,SSP126,2030,233.321081,100.1000051,4.695385885,-133.2210759
Africa_Southern,SSP126,2035,256.332781,93.47666182,5.38853,-162.8561192
Africa_Southern,SSP126,2040,278.036478,86.18263129,6.247610138,-191.8538467
Africa_Southern,SSP126,2045,299.001836,78.77905229,7.301555886,-220.2227837
Africa_Southern,SSP126,2050,318.800658,71.39618919,8.444484291,-247.4044688
Africa_Southern,SSP126,2055,336.086951,63.97737237,9.685572633,-272.1095786
Africa_Southern,SSP126,2060,350.639932,56.73552102,10.92901444,-293.904411
Africa_Western,SSP126,2025,622.797479,223.472817,15.33854508,-399.324662
Africa_Western,SSP126,2030,692.481755,211.2054491,18.71078225,-481.2763059
Africa_Western,SSP126,2035,761.315184,197.3695726,22.68176827,-563.9456114
Africa_Western,SSP126,2040,828.040473,182.4677848,26.64740138,-645.5726882
Africa_Western,SSP126,2045,894.388875,167.5251244,30.6993652,-726.8637506
Africa_Western,SSP126,2050,957.616825,152.4629273,34.37838457,-805.1538977
Africa_Western,SSP126,2055,1014.572146,137.3012044,38.03853009,-877.2709416
Africa_Western,SSP126,2060,1063.944267,122.3852886,41.53344106,-941.5589784
Argentina,SSP126,2025,45.898345,0.27539007,3.499477757,-45.62295493
Argentina,SSP126,2030,46.799912,0.238679551,3.727761136,-46.56123245
Argentina,SSP126,2035,47.530373,0.206044167,3.934982552,-47.32432883
Argentina,SSP126,2040,48.060967,0.177092648,4.095111746,-47.88387435
Argentina,SSP126,2045,48.443481,0.151726799,4.207962084,-48.2917542
Argentina,SSP126,2050,48.632883,0.129472011,4.263820722,-48.50341099
Argentina,SSP126,2055,48.609732,0.109998821,4.293093751,-48.49973318
Argentina,SSP126,2060,48.329408,0.092959805,4.297623887,-48.2364482
Australia_NZ,SSP126,2025,31.746474,0.15873237,6.43436085,-31.58774163
Australia_NZ,SSP126,2030,32.872356,0.139707513,6.741576197,-32.73264849
Australia_NZ,SSP126,2035,33.915097,0.122518288,7.069555245,-33.79257871
Australia_NZ,SSP126,2040,34.885307,0.107119696,7.38541436,-34.7781873
Australia_NZ,SSP126,2045,35.838688,0.093540096,7.753841637,-35.7451479
Australia_NZ,SSP126,2050,36.782628,0.081603237,8.096797294,-36.70102476
Australia_NZ,SSP126,2055,37.620646,0.070943042,8.422633486,-37.54970296
Australia_NZ,SSP126,2060,38.341322,0.061456747,8.738105616,-38.27986525
Brazil,SSP126,2025,217.004168,7.59514588,13.96667061,-209.4090221
Brazil,SSP126,2030,220.66621,6.564819748,14.91409995,-214.1013903
Brazil,SSP126,2035,222.826934,5.634736094,15.79478979,-217.1921979
Brazil,SSP126,2040,223.453514,4.802993625,16.53964425,-218.6505204
Brazil,SSP126,2045,222.956295,4.073460281,17.20050414,-218.8828347
Brazil,SSP126,2050,221.235261,3.435714122,17.63189591,-217.7995469
Brazil,SSP126,2055,218.385801,2.882743467,17.91818353,-215.5030575
Brazil,SSP126,2060,214.408676,2.405707817,18.00606228,-212.0029682
Canada,SSP126,2025,38.65693,0.07731386,11.56000284,-38.57961614
Canada,SSP126,2030,39.483135,0.06712133,11.79586209,-39.41601367
Canada,SSP126,2035,40.264983,0.0581829,12.08483835,-40.2068001
Canada,SSP126,2040,40.980694,0.050334537,12.38631152,-40.93035946
Canada,SSP126,2045,41.670639,0.043504668,12.74338349,-41.62713433
Canada,SSP126,2050,42.362036,0.037592521,13.06906584,-42.32444348
Canada,SSP126,2055,42.910563,0.032367396,13.38899937,-42.8781956
Canada,SSP126,2060,43.350025,0.02779405,13.71252941,-43.32223095
Central_America_and_Caribbean,SSP126,2025,93.898485,8.635930192,3.842962367,-85.26255481
Central_America_and_Caribbean,SSP126,2030,97.34558,7.610018291,4.18919273,-89.73556171
Central_America_and_Caribbean,SSP126,2035,99.994851,6.644556932,4.593444916,-93.35029407
Central_America_and_Caribbean,SSP126,2040,101.827257,5.751370692,5.03003166,-96.07588631
Central_America_and_Caribbean,SSP126,2045,103.046591,4.947204577,5.485627024,-98.09938642
Central_America_and_Caribbean,SSP126,2050,103.593413,4.227438595,5.895213436,-99.36597441
Central_America_and_Caribbean,SSP126,2055,103.461023,3.588730622,6.256671182,-99.87229238
Central_America_and_Caribbean,SSP126,2060,102.688155,3.027633966,6.548474728,-99.66052103
Central_Asia,SSP126,2025,99.873303,1.850696716,7.081417418,-98.02260628
Central_Asia,SSP126,2030,104.55462,1.646827062,7.650354744,-102.9077929
Central_Asia,SSP126,2035,108.453571,1.452003119,8.084534468,-107.0015679
Central_Asia,SSP126,2040,111.777786,1.272032249,8.376797571,-110.5057538
Central_Asia,SSP126,2045,114.697704,1.109471801,8.532421694,-113.5882322
Central_Asia,SSP126,2050,116.898223,0.961143823,8.545283891,-115.9370792
Central_Asia,SSP126,2055,118.147018,0.825699764,8.478141981,-117.3213182
Central_Asia,SSP126,2060,118.42965,0.703523756,8.358185228,-117.7261262
China,SSP126,2025,1434.655282,1.434655282,126.2248406,-1433.220627
China,SSP126,2030,1425.197007,1.211417456,137.8237806,-1423.98559
China,SSP126,2035,1409.401855,1.01829284,145.1875386,-1408.383562
China,SSP126,2040,1388.688404,0.852828266,148.1803214,-1387.835576
China,SSP126,2045,1362.22517,0.711090053,147.7869757,-1361.51408
China,SSP126,2050,1327.779119,0.589142649,144.7117447,-1327.189976
China,SSP126,2055,1284.511471,0.484452879,140.0291537,-1284.027018
China,SSP126,2060,1234.648631,0.395800063,134.0558484,-1234.252831
Colombia,SSP126,2025,52.254432,3.13526592,1.778940788,-49.11916608
Colombia,SSP126,2030,53.731331,2.740297881,1.960071969,-50.99103312
Colombia,SSP126,2035,54.76224,2.373943104,2.185598721,-52.3882969
Colombia,SSP126,2040,55.351789,2.039575045,2.422828825,-53.31221396
Colombia,SSP126,2045,55.59833,1.741360545,2.660212613,-53.85696946
Colombia,SSP126,2050,55.51264,1.477875197,2.869498089,-54.0347648
Colombia,SSP126,2055,55.115279,1.247202047,3.051425839,-53.86807695
Colombia,SSP126,2060,54.415737,1.046666311,3.197044173,-53.36907069
EU_12,SSP126,2025,100.427743,0.513484868,9.541907429,-99.91425813
EU_12,SSP126,2030,98.335416,0.427368819,9.853862999,-97.90804718
EU_12,SSP126,2035,96.1876,0.355329191,10.07222784,-95.83227081
EU_12,SSP126,2040,94.109799,0.295505501,10.1252195,-93.8142935
EU_12,SSP126,2045,92.173148,0.246010742,10.12162979,-91.92713726
EU_12,SSP126,2050,90.357037,0.204989,10.02836506,-90.152048
EU_12,SSP126,2055,88.468927,0.170599699,9.926100392,-88.2983273
EU_12,SSP126,2060,86.430185,0.141668035,9.800331252,-86.28851697
EU_15,SSP126,2025,410.033328,1.179949142,49.62534359,-408.8533789
EU_15,SSP126,2030,411.441405,1.006400979,49.96806623,-410.435004
EU_15,SSP126,2035,413.073448,0.858834064,50.39775008,-412.2146139
EU_15,SSP126,2040,414.937138,0.733302583,50.99105718,-414.2038354
EU_15,SSP126,2045,417.128155,0.626598481,51.90803934,-416.5015565
EU_15,SSP126,2050,419.359945,0.535458363,52.57871322,-418.8244866
EU_15,SSP126,2055,420.261782,0.45611839,53.18080595,-419.8056636
EU_15,SSP126,2060,419.7301,0.387210143,53.74243858,-419.3428899
Europe_Eastern,SSP126,2025,48.90282,0.04890282,4.136734893,-48.85391718
Europe_Eastern,SSP126,2030,49.256556,0.041868073,4.453379744,-49.21468793
Europe_Eastern,SSP126,2035,49.079536,0.035459965,4.734182236,-49.04407604
Europe_Eastern,SSP126,2040,48.489445,0.02977858,4.92034319,-48.45966642
Europe_Eastern,SSP126,2045,47.647188,0.02487213,5.007230938,-47.62231587
Europe_Eastern,SSP126,2050,46.688255,0.020715827,4.998508393,-46.66753917
Europe_Eastern,SSP126,2055,45.630681,0.017209589,4.942876428,-45.61347141
Europe_Eastern,SSP126,2060,44.513973,0.01427016,4.849443884,-44.49970284
Europe_Non_EU,SSP126,2025,104.768645,0.505405313,6.697380726,-104.2632397
Europe_Non_EU,SSP126,2030,107.044363,0.438925896,7.168752919,-106.6054371
Europe_Non_EU,SSP126,2035,108.723907,0.378940809,7.610031316,-108.3449662
Europe_Non_EU,SSP126,2040,109.923808,0.325654451,7.96514751,-109.5981535
Europe_Non_EU,SSP126,2045,110.748213,0.278882271,8.259811494,-110.4693307
Europe_Non_EU,SSP126,2050,111.043317,0.237681583,8.439164892,-110.8056354
Europe_Non_EU,SSP126,2055,110.780974,0.201552045,8.563403747,-110.579422
Europe_Non_EU,SSP126,2060,109.896742,0.169951802,8.607250015,-109.7267902
European_Free_Trade_Association,SSP126,2025,14.738947,0.011006899,2.501783101,-14.7279401
European_Free_Trade_Association,SSP126,2030,15.048399,0.009552295,2.559521196,-15.03884671
European_Free_Trade_Association,SSP126,2035,15.343277,0.008278554,2.610202556,-15.33499845
European_Free_Trade_Association,SSP126,2040,15.629444,0.007168013,2.660138924,-15.62227599
European_Free_Trade_Association,SSP126,2045,15.928266,0.006209301,2.727093069,-15.9220567
European_Free_Trade_Association,SSP126,2050,16.248063,0.005383872,2.783476545,-16.24267913
European_Free_Trade_Association,SSP126,2055,16.520116,0.004652915,2.842088479,-16.51546309
European_Free_Trade_Association,SSP126,2060,16.732276,0.00400577,2.897156618,-16.72827023
India,SSP126,2025,1440.101083,185.7730397,33.70775148,-1254.328043
India,SSP126,2030,1485.835119,162.9218208,40.14608939,-1322.913298
India,SSP126,2035,1518.47722,141.5258731,46.83023756,-1376.951347
India,SSP126,2040,1537.916771,121.8370347,53.4055777,-1416.079736
India,SSP126,2045,1547.096195,104.1796109,59.11691864,-1442.916584
India,SSP126,2050,1545.574885,88.46559257,63.6677352,-1457.109292
India,SSP126,2055,1535.154094,74.68875836,67.27668352,-1460.465336
India,SSP126,2060,1516.115873,62.69812956,69.86131499,-1453.417743
Indonesia,SSP126,2025,279.835215,5.316869085,9.941405187,-274.5183459
Indonesia,SSP126,2030,288.180539,4.654115705,11.25038275,-283.5264233
Indonesia,SSP126,2035,294.152585,4.037979611,12.55061779,-290.1146054
Indonesia,SSP126,2040,297.594932,3.472449265,13.78456183,-294.1224827
Indonesia,SSP126,2045,299.186477,2.967367007,14.82293497,-296.21911
Indonesia,SSP126,2050,298.844602,2.519379813,15.57777353,-296.3252222
Indonesia,SSP126,2055,296.860194,2.127252889,16.09094722,-294.7329411
Indonesia,SSP126,2060,293.123678,1.785405969,16.3733786,-291.338272
Japan,SSP126,2025,122.666144,0.858663008,15.64595579,-121.807481
Japan,SSP126,2030,119.848495,0.713098545,15.63473267,-119.1353965
Japan,SSP126,2035,116.91472,0.591296196,15.65374083,-116.3234238
Japan,SSP126,2040,113.880401,0.489557609,15.6263138,-113.3908434
Japan,SSP126,2045,110.825023,0.404959483,15.56973492,-110.4200635
Japan,SSP126,2050,107.861371,0.335010643,15.41922498,-107.5263604
Japan,SSP126,2055,105.019382,0.277256063,15.20126036,-104.7421259
Japan,SSP126,2060,102.184694,0.229306502,14.92585144,-101.9553875
Mexico,SSP126,2025,129.914073,1.558968876,7.232708208,
Mexico,SSP126,2030,134.159843,1.368430399,7.686874872,
Mexico,SSP126,2035,137.497658,1.192104695,8.155645278,
Mexico,SSP126,2040,139.859824,1.030696973,8.602681673,
Mexico,SSP126,2045,141.481031,0.886247789,9.032367887,
Mexico,SSP126,2050,142.271093,0.757517277,9.397035171,
Mexico,SSP126,2055,142.286774,0.643960655,9.701302275,
Mexico,SSP126,2060,141.517707,0.544408013,9.925652075,
Middle_East,SSP126,2025,290.560829,6.483212309,31.12666333,-284.0776167
Middle_East,SSP126,2030,309.06915,5.861756334,33.58765093,-303.2073937
Middle_East,SSP126,2035,325.521993,5.247728587,35.87219127,-320.2742644
Middle_East,SSP126,2040,339.911695,4.657748796,38.04695916,-335.2539462
Middle_East,SSP126,2045,352.723778,4.108313895,40.06641926,-348.6154641
Middle_East,SSP126,2050,363.355717,3.597326063,41.6832551,-359.7583909
Middle_East,SSP126,2055,371.49879,3.126253103,43.08072798,-368.3725369
Middle_East,SSP126,2060,376.841543,2.695531624,44.16896742,-374.1460114
Pakistan,SSP126,2025,247.104441,12.10811761,3.998205588,-234.9963234
Pakistan,SSP126,2030,268.498568,11.18296536,4.481785025,-257.3156026
Pakistan,SSP126,2035,288.411711,10.2104956,5.07504713,-278.2012154
Pakistan,SSP126,2040,306.178175,9.213551914,5.778159714,-296.9646231
Pakistan,SSP126,2045,322.584785,8.251172422,6.550083771,-314.3336126
Pakistan,SSP126,2050,337.341526,7.334331133,7.311545944,-330.0071949
Pakistan,SSP126,2055,349.658201,6.461797636,8.048782486,-343.1964034
Pakistan,SSP126,2060,359.420456,5.645876199,8.70434763,-353.7745798
Russia,SSP126,2025,145.478734,0.145478734,25.17912218,-145.3332553
Russia,SSP126,2030,143.719747,0.122161785,26.07178491,-143.5975852
Russia,SSP126,2035,142.125179,0.102685442,26.66319815,-142.0224936
Russia,SSP126,2040,140.916139,0.086540124,26.8293841,-140.8295989
Russia,SSP126,2045,140.180117,0.073174897,26.73515298,-140.1069421
Russia,SSP126,2050,139.631547,0.061955259,26.29115115,-139.5695917
Russia,SSP126,2055,138.773072,0.052338197,25.71467997,-138.7207338
Russia,SSP126,2060,137.527192,0.044088067,25.1061868,-137.4831039
South_Africa,SSP126,2025,60.847463,12.47372992,4.548719502,-48.37373308
South_Africa,SSP126,2030,63.369771,11.0421826,4.957657028,-52.3275884
South_Africa,SSP126,2035,65.328264,9.675932502,5.349010262,-55.6523315
South_Africa,SSP126,2040,66.734077,8.401528333,5.691743238,-58.33254867
South_Africa,SSP126,2045,67.758918,7.250968631,5.974040383,-60.50794937
South_Africa,SSP126,2050,68.479779,6.228892557,6.171594224,-62.25088644
South_Africa,SSP126,2055,68.675891,5.3097212,6.3094161,-63.3661698
South_Africa,SSP126,2060,68.361416,4.492596257,6.386041629,-63.86881974
South_America_Northern,SSP126,2025,31.430463,2.191261087,2.370358295,-29.23920191
South_America_Northern,SSP126,2030,32.518827,1.927068468,2.553385589,-30.59175853
South_America_Northern,SSP126,2035,33.412223,1.683009513,2.72691582,-31.72921349
South_America_Northern,SSP126,2040,34.033153,1.457143459,2.890990378,-32.57600954
South_America_Northern,SSP126,2045,34.442512,1.253469783,3.059017111,-33.18904222
South_America_Northern,SSP126,2050,34.638992,1.071527255,3.203979987,-33.56746475
South_America_Northern,SSP126,2055,34.657914,0.911295702,3.32913814,-33.7466183
South_America_Northern,SSP126,2060,34.520402,0.771527965,3.421832778,-33.74887404
South_America_Southern,SSP126,2025,95.232415,1.936658889,4.496536208,-93.29575611
South_America_Southern,SSP126,2030,98.53143,1.703185877,4.910762304,-96.82824412
South_America_Southern,SSP126,2035,101.050451,1.484719605,5.329857635,-99.5657314
South_America_Southern,SSP126,2040,102.73566,1.283058116,5.716476243,-101.4526019
South_America_Southern,SSP126,2045,103.855629,1.102488528,6.079173974,-102.7531405
South_America_Southern,SSP126,2050,104.37768,0.941825845,6.368169846,-103.4358542
South_America_Southern,SSP126,2055,104.275288,0.799766646,6.59885455,-103.4755214
South_America_Southern,SSP126,2060,103.543249,0.675029269,6.758222694,-102.8682197
South_Asia,SSP126,2025,272.657651,13.66311233,3.460628872,-258.9945387
South_Asia,SSP126,2030,286.260356,12.19304236,4.037126483,-274.0673136
South_Asia,SSP126,2035,297.079905,10.75580891,4.759917193,-286.3240961
South_Asia,SSP126,2040,305.23891,9.393525554,5.590264692,-295.8453844
South_Asia,SSP126,2045,311.548658,8.149548294,6.462351032,-303.3991097
South_Asia,SSP126,2050,315.868281,7.023160533,7.321250336,-308.8451205
South_Asia,SSP126,2055,318.116963,6.012184948,8.145674723,-312.1047781
South_Asia,SSP126,2060,318.193432,5.111585634,8.85593131,-313.0818464
South_Korea,SSP126,2025,51.545979,0.103091958,9.852152808,-51.44288704
South_Korea,SSP126,2030,51.113908,0.086893644,10.05148529,-51.02701436
South_Korea,SSP126,2035,50.513641,0.072992211,10.13532859,-50.44064879
South_Korea,SSP126,2040,49.660188,0.060995126,10.10281359,-49.59919287
South_Korea,SSP126,2045,48.594759,0.050733536,9.996352122,-48.54402546
South_Korea,SSP126,2050,47.410029,0.042072163,9.79217939,-47.36795684
South_Korea,SSP126,2055,45.860154,0.03459227,9.530097229,-45.82556173
South_Korea,SSP126,2060,43.938435,0.028171311,9.208137801,-43.91026369
Southeast_Asia,SSP126,2025,428.540869,5.900661403,20.79957445,-422.6402076
Southeast_Asia,SSP126,2030,442.763571,5.182022037,23.11513526,-437.581549
Southeast_Asia,SSP126,2035,453.170111,4.5082455,25.44803544,-448.6618655
Southeast_Asia,SSP126,2040,459.865932,3.88862857,27.83514226,-455.9773034
Southeast_Asia,SSP126,2045,464.019863,3.335191096,30.07671556,-460.6846719
Southeast_Asia,SSP126,2050,465.518675,2.844069369,31.97338446,-462.6746056
Southeast_Asia,SSP126,2055,464.195999,2.410590249,33.65018079,-461.7854088
Southeast_Asia,SSP126,2060,459.980798,2.030395446,34.96835578,-457.9504026
Taiwan,SSP126,2025,23.49916,0.02349916,3.931987099,-23.47566084
Taiwan,SSP126,2030,23.119519,0.019651591,3.949520519,-23.09986741
Taiwan,SSP126,2035,22.631945,0.01635158,3.922576033,-22.61559342
Taiwan,SSP126,2040,21.99661,0.013508668,3.896421942,-21.98310133
Taiwan,SSP126,2045,21.253434,0.011094425,3.868243339,-21.24233958
Taiwan,SSP126,2050,20.451087,0.009074256,3.821525646,-20.44201274
Taiwan,SSP126,2055,19.556708,0.007375803,3.757245724,-19.5493322
Taiwan,SSP126,2060,18.615772,0.00596779,3.68141949,-18.60980421
USA,SSP126,2025,342.061967,0.684123934,72.76264676,-341.3778431
USA,SSP126,2030,349.790925,0.594644573,73.15645701,-349.1962804
USA,SSP126,2035,357.289528,0.516283368,73.42048251,-356.7732446
USA,SSP126,2040,364.160468,0.447280095,74.34813201,-363.7131879
USA,SSP126,2045,370.461952,0.386766909,75.77762433,-370.0751851
USA,SSP126,2050,376.146515,0.333796414,76.93127794,-375.8127186
USA,SSP126,2055,380.486425,0.287000542,78.21640075,-380.1994245
USA,SSP126,2060,383.958568,0.24617664,79.6431125,-383.7123914
Africa_Eastern,SSP245,2025,375.018238,130.562599,7.071138973,-244.455639
Africa_Eastern,SSP245,2030,420.692659,139.1409412,8.526690368,-281.5517178
Africa_Eastern,SSP245,2035,466.980855,146.7278941,10.20565643,-320.2529609
Africa_Eastern,SSP245,2040,512.861529,153.086656,12.1579707,-359.774873
Africa_Eastern,SSP245,2045,557.878701,158.1978584,14.44554853,-399.6808426
Africa_Eastern,SSP245,2050,601.565066,162.0567154,16.85337704,-439.5083506
Africa_Eastern,SSP245,2055,642.693121,164.4794636,19.67210762,-478.2136574
Africa_Eastern,SSP245,2060,680.899605,165.544485,22.81044314,-515.35512
Africa_Northern,SSP245,2025,221.410417,1.439777491,8.510942136,-219.9706395
Africa_Northern,SSP245,2030,236.651259,1.461940691,9.824899647,-235.1893183
Africa_Northern,SSP245,2035,251.216631,1.474323973,11.07750354,-249.742307
Africa_Northern,SSP245,2040,265.367925,1.479505467,12.34445276,-263.8884195
Africa_Northern,SSP245,2045,278.699206,1.476139774,13.65300503,-277.2230662
Africa_Northern,SSP245,2050,290.704987,1.46274236,14.91303793,-289.2422446
Africa_Northern,SSP245,2055,300.983967,1.438740018,16.19648291,-299.545227
Africa_Northern,SSP245,2060,309.487762,1.405419734,17.42163036,-308.0823423
Africa_Southern,SSP245,2025,211.424223,106.7126579,4.306232181,-104.7115651
Africa_Southern,SSP245,2030,239.33096,114.758188,4.974499659,-124.572772
Africa_Southern,SSP245,2035,268.190655,122.1664758,5.693123513,-146.0241792
Africa_Southern,SSP245,2040,297.47707,128.7317002,6.567064851,-168.7453698
Africa_Southern,SSP245,2045,326.653775,134.2898834,7.684532929,-192.3638916
Africa_Southern,SSP245,2050,355.082162,138.6781617,8.949767345,-216.4040003
Africa_Southern,SSP245,2055,382.035509,141.7446111,10.49993193,-240.2908979
Africa_Southern,SSP245,2060,407.330696,143.5732629,12.31342629,-263.7574331
Africa_Western,SSP245,2025,629.854043,226.0048604,15.77470701,-403.8491826
Africa_Western,SSP245,2030,714.6882,243.6228809,19.32217443,-471.0653191
Africa_Western,SSP245,2035,805.141025,260.733614,23.46602641,-544.407411
Africa_Western,SSP245,2040,900.251755,276.9571938,28.21302741,-623.2945612
Africa_Western,SSP245,2045,998.217214,291.7409103,33.72117212,-706.4763037
Africa_Western,SSP245,2050,1097.111192,304.6116644,39.58113044,-792.4995276
Africa_Western,SSP245,2055,1194.324625,315.0227194,46.27863033,-879.3019056
Africa_Western,SSP245,2060,1288.429916,322.8523075,53.46880561,-965.5776085
Argentina,SSP245,2025,46.046193,0.276277158,3.548279121,-45.76991584
Argentina,SSP245,2030,47.225774,0.269186912,3.820265259,-46.95658709
Argentina,SSP245,2035,48.320109,0.26165339,4.0628677,-48.05845561
Argentina,SSP245,2040,49.298657,0.253604616,4.279262685,-49.04505238
Argentina,SSP245,2045,50.120031,0.244938471,4.476474165,-49.87509253
Argentina,SSP245,2050,50.764316,0.23568276,4.64340575,-50.52863324
Argentina,SSP245,2055,51.224476,0.225928181,4.811795972,-50.99854782
Argentina,SSP245,2060,51.456343,0.215603301,4.958088716,-51.2407397
Australia_NZ,SSP245,2025,31.746547,0.158732735,5.45107928,-31.58781427
Australia_NZ,SSP245,2030,32.874247,0.156152673,5.712408452,-32.71809433
Australia_NZ,SSP245,2035,33.919788,0.153063043,5.931699038,-33.76672496
Australia_NZ,SSP245,2040,34.90467,0.149631957,6.170419382,-34.75503804
Australia_NZ,SSP245,2045,35.870723,0.14608464,6.470109694,-35.72463836
Australia_NZ,SSP245,2050,36.843784,0.142545089,6.753517901,-36.70123891
Australia_NZ,SSP245,2055,37.741375,0.138716894,7.055490555,-37.60265811
Australia_NZ,SSP245,2060,38.568534,0.134669229,7.375214757,-38.43386477
Brazil,SSP245,2025,217.561951,7.614668285,14.17663644,-209.9472827
Brazil,SSP245,2030,222.220668,7.388837211,15.16408287,-214.8318308
Brazil,SSP245,2035,225.602922,7.126232299,15.95864928,-218.4766897
Brazil,SSP245,2040,227.643791,6.831163336,16.70949624,-220.8126277
Brazil,SSP245,2045,228.382237,6.51065658,17.48766263,-221.8715804
Brazil,SSP245,2050,227.813371,6.169717533,18.12495937,-221.6436535
Brazil,SSP245,2055,226.154079,5.818541033,18.69050414,-220.335538
Brazil,SSP245,2060,223.527486,5.463415306,19.14848864,-218.0640707
Canada,SSP245,2025,38.643509,0.077287018,10.62594711,-38.56622198
Canada,SSP245,2030,39.443004,0.074941708,10.87732597,-39.36806229
Canada,SSP245,2035,40.185866,0.072535488,11.10151055,-40.11333051
Canada,SSP245,2040,40.862898,0.070069654,11.37688022,-40.79282835
Canada,SSP245,2045,41.505006,0.067612174,11.70022985,-41.43739383
Canada,SSP245,2050,42.171046,0.065262303,11.98629375,-42.1057837
Canada,SSP245,2055,42.738774,0.062833852,12.29507882,-42.67594015
Canada,SSP245,2060,43.273856,0.060439495,12.62044757,-43.21341651
Central_America_and_Caribbean,SSP245,2025,94.373259,8.679595594,3.922221229,-85.69366341
Central_America_and_Caribbean,SSP245,2030,98.732768,8.626516472,4.290334107,-90.10625153
Central_America_and_Caribbean,SSP245,2035,102.532781,8.510606002,4.678806566,-94.022175
Central_America_and_Caribbean,SSP245,2040,105.689319,8.333979989,5.114211776,-97.35533901
Central_America_and_Caribbean,SSP245,2045,108.163094,8.102593677,5.610149114,-100.0605003
Central_America_and_Caribbean,SSP245,2050,109.975455,7.826441291,6.106135275,-102.1490137
Central_America_and_Caribbean,SSP245,2055,111.154666,7.514842237,6.628879232,-103.6398238
Central_America_and_Caribbean,SSP245,2060,111.776915,7.17906514,7.155090161,-104.5978499
Central_Asia,SSP245,2025,100.259589,1.857854768,7.318211286,-98.40173423
Central_Asia,SSP245,2030,105.641472,1.85970428,8.026422052,-103.7817677
Central_Asia,SSP245,2035,110.544175,1.84871053,8.542124451,-108.6954645
Central_Asia,SSP245,2040,115.23677,1.830828794,8.919847548,-113.4059412
Central_Asia,SSP245,2045,119.643049,1.805792041,9.212247222,-117.837257
Central_Asia,SSP245,2050,123.496396,1.770753674,9.381788037,-121.7256423
Central_Asia,SSP245,2055,126.524858,1.723468427,9.506077278,-124.8013896
Central_Asia,SSP245,2060,128.691145,1.665327844,9.598996348,-127.0258172
China,SSP245,2025,1434.605379,1.434605379,130.4266714,-1433.170774
China,SSP245,2030,1424.54453,1.353317304,141.4322119,-1423.191213
China,SSP245,2035,1407.131545,1.269936219,148.1339348,-1405.861609
China,SSP245,2040,1383.962093,1.186574499,152.0037042,-1382.775519
China,SSP245,2045,1353.560695,1.102483646,153.5300792,-1352.458211
China,SSP245,2050,1314.250564,1.016942034,152.3869131,-1313.233622
China,SSP245,2055,1265.782959,0.930466788,149.5207323,-1264.852492
China,SSP245,2060,1211.345826,0.845927969,145.3589719,-1210.499898
Colombia,SSP245,2025,52.418803,3.14512818,1.80521859,-49.27367482
Colombia,SSP245,2030,54.193535,3.089031495,1.984041769,-51.10450351
Colombia,SSP245,2035,55.597123,3.01058421,2.186088313,-52.58653879
Colombia,SSP245,2040,56.625133,2.912938404,2.416403137,-53.7121946
Colombia,SSP245,2045,57.273481,2.798976494,2.671719,-54.47450451
Colombia,SSP245,2050,57.593308,2.673876231,2.931220619,-54.91943177
Colombia,SSP245,2055,57.636127,2.542070974,3.2031169,-55.09405603
Colombia,SSP245,2060,57.435914,2.406578453,3.472188397,-55.02933555
EU_12,SSP245,2025,100.343391,0.513053578,9.353672043,-99.83033742
EU_12,SSP245,2030,98.104197,0.476524396,9.683775277,-97.6276726
EU_12,SSP245,2035,95.772036,0.441936506,9.902421161,-95.33009949
EU_12,SSP245,2040,93.51522,0.409946387,9.990493393,-93.10527361
EU_12,SSP245,2045,91.390139,0.380599056,10.05934259,-91.00953994
EU_12,SSP245,2050,89.434737,0.353832897,10.0554887,-89.0809041
EU_12,SSP245,2055,87.486786,0.328819861,10.07564137,-87.15796614
EU_12,SSP245,2060,85.463473,0.30515446,10.06959521,-85.15831854
EU_15,SSP245,2025,409.755188,1.179148741,47.35924682,-408.5760393
EU_15,SSP245,2030,410.616555,1.122546114,47.47479465,-409.4940089
EU_15,SSP245,2035,411.695007,1.069219673,47.76643466,-410.6257873
EU_15,SSP245,2040,413.124431,1.019285451,48.25936479,-412.1051455
EU_15,SSP245,2045,414.79637,0.972240031,49.22507401,-413.82413
EU_15,SSP245,2050,416.5865,0.927614116,49.9783758,-415.6588859
EU_15,SSP245,2055,417.360306,0.882870294,50.82362688,-416.4774357
EU_15,SSP245,2060,417.363507,0.838733212,51.66310113,-416.5247738
Europe_Eastern,SSP245,2025,48.834359,0.048834359,4.065464979,-48.78552464
Europe_Eastern,SSP245,2030,49.077488,0.046623614,4.366204982,-49.03086439
Europe_Eastern,SSP245,2035,48.774356,0.044018856,4.629827041,-48.73033714
Europe_Eastern,SSP245,2040,48.075239,0.041218508,4.857580459,-48.03402049
Europe_Eastern,SSP245,2045,47.13315,0.038390245,5.036115471,-47.09475976
Europe_Eastern,SSP245,2050,46.11052,0.035679441,5.154960751,-46.07484056
Europe_Eastern,SSP245,2055,45.030921,0.033101865,5.261295212,-44.99781914
Europe_Eastern,SSP245,2060,43.955261,0.030695598,5.336773116,-43.9245654
Europe_Non_EU,SSP245,2025,104.839358,0.505746434,6.614635505,-104.3336116
Europe_Non_EU,SSP245,2030,107.259957,0.491552263,7.110592801,-106.7684047
Europe_Non_EU,SSP245,2035,109.110169,0.475029866,7.570326442,-108.6351391
Europe_Non_EU,SSP245,2040,110.503192,0.457039899,7.995386319,-110.0461521
Europe_Non_EU,SSP245,2045,111.440027,0.437868906,8.431758509,-111.0021581
Europe_Non_EU,SSP245,2050,111.802506,0.417328497,8.801999391,-111.3851775
Europe_Non_EU,SSP245,2055,111.616444,0.395802279,9.170616235,-111.2206417
Europe_Non_EU,SSP245,2060,110.864376,0.373478607,9.48108935,-110.4908974
European_Free_Trade_Association,SSP245,2025,14.732128,0.011001806,2.422955325,-14.72112619
European_Free_Trade_Association,SSP245,2030,15.030075,0.010663095,2.467153482,-15.01941191
European_Free_Trade_Association,SSP245,2035,15.311733,0.010319771,2.509824052,-15.30141323
European_Free_Trade_Association,SSP245,2040,15.589365,0.009981544,2.552649061,-15.57938346
European_Free_Trade_Association,SSP245,2045,15.878743,0.009658486,2.617394399,-15.86908451
European_Free_Trade_Association,SSP245,2050,16.193999,0.009357733,2.673343359,-16.18464127
European_Free_Trade_Association,SSP245,2055,16.469226,0.009040935,2.740232877,-16.46018507
European_Free_Trade_Association,SSP245,2060,16.705576,0.008712147,2.804599612,-16.69686385
India,SSP245,2025,1445.47956,186.4668632,36.92926649,-1259.012697
India,SSP245,2030,1501.725398,184.0364475,44.31557436,-1317.688951
India,SSP245,2035,1548.067501,180.2298886,51.7588612,-1367.837612
India,SSP245,2040,1583.686972,175.1579567,59.31591842,-1408.529015
India,SSP245,2045,1607.694646,168.9225765,66.76690471,-1438.77207
India,SSP245,2050,1620.357947,161.7404698,73.75420049,-1458.617477
India,SSP245,2055,1625.061994,154.0995163,80.48689488,-1470.962478
India,SSP245,2060,1622.571687,146.1701999,86.67214993,-1476.401487
Indonesia,SSP245,2025,280.692742,5.333162098,10.79447226,-275.3595799
Indonesia,SSP245,2030,290.581858,5.245002537,12.37364902,-285.3368555
Indonesia,SSP245,2035,298.639088,5.120913761,13.75133637,-293.5181742
Indonesia,SSP245,2040,304.633211,4.962513086,15.10570143,-299.6706979
Indonesia,SSP245,2045,308.59807,4.775746078,16.37402812,-303.8223239
Indonesia,SSP245,2050,310.601252,4.566409231,17.46875081,-306.0348428
Indonesia,SSP245,2055,311.209346,4.346581864,18.45591594,-306.8627641
Indonesia,SSP245,2060,310.507499,4.119940378,19.26842781,-306.3875586
Japan,SSP245,2025,122.472771,0.857309397,13.59494681,-121.6154616
Japan,SSP245,2030,119.347805,0.793662903,13.47437373,-118.5541421
Japan,SSP245,2035,116.050676,0.733150146,13.25922397,-115.3175259
Japan,SSP245,2040,112.665705,0.676177312,13.0150848,-111.9895277
Japan,SSP245,2045,109.262976,0.622967638,12.85933157,-108.6400084
Japan,SSP245,2050,105.981695,0.574046307,12.66569158,-105.4076487
Japan,SSP245,2055,102.852048,0.529239945,12.48035326,-102.3228081
Japan,SSP245,2060,99.733629,0.48753399,12.26840506,-99.24609501
Mexico,SSP245,2025,130.410526,1.564926312,7.282620769,
Mexico,SSP245,2030,135.618569,1.546051687,7.845105119,
Mexico,SSP245,2035,140.225449,1.518641613,8.370353173,
Mexico,SSP245,2040,144.099745,1.482570226,8.915718898,
Mexico,SSP245,2045,147.156731,1.438320926,9.519187227,
Mexico,SSP245,2050,149.4179,1.387400673,10.16092055,
Mexico,SSP245,2055,151.052044,1.332445591,10.82238156,
Mexico,SSP245,2060,152.074947,1.274395287,11.45511829,
Middle_East,SSP245,2025,291.804896,6.51097087,31.53967658,-285.2939251
Middle_East,SSP245,2030,312.784163,6.630122289,34.39158707,-306.1540407
Middle_East,SSP245,2035,332.674988,6.6991629,37.05722296,-325.9758251
Middle_East,SSP245,2040,351.328154,6.721047235,39.72299995,-344.6071068
Middle_East,SSP245,2045,368.379456,6.694883149,42.51719895,-361.6845729
Middle_East,SSP245,2050,383.277449,6.617355578,45.07031331,-376.6600934
Middle_East,SSP245,2055,395.849813,6.492698765,47.70084214,-389.3571142
Middle_East,SSP245,2060,405.864794,6.324115541,50.2473913,-399.5406785
Pakistan,SSP245,2025,248.719959,12.18727799,4.261706044,-236.532681
Pakistan,SSP245,2030,273.61897,12.73696305,4.873246842,-260.882007
Pakistan,SSP245,2035,298.845689,13.21570348,5.596172494,-285.6299855
Pakistan,SSP245,2040,323.6075,13.59519604,6.455827652,-310.012304
Pakistan,SSP245,2045,347.457902,13.86732501,7.455157818,-333.590577
Pakistan,SSP245,2050,370.484613,14.04702263,8.541185618,-356.4375904
Pakistan,SSP245,2055,392.058111,14.12173816,9.721623475,-377.9363728
Pakistan,SSP245,2060,412.123555,14.1022612,10.94917758,-398.0212938
Russia,SSP245,2025,145.370496,0.145370496,25.04029061,-145.2251255
Russia,SSP245,2030,143.399731,0.136229744,25.91860461,-143.2635013
Russia,SSP245,2035,141.567717,0.127764865,26.46651777,-141.4399521
Russia,SSP245,2040,140.190142,0.120195523,26.8308871,-140.0699465
Russia,SSP245,2045,139.332037,0.113486815,27.14670272,-139.2185502
Russia,SSP245,2050,138.756418,0.107367071,27.18760716,-138.6490509
Russia,SSP245,2055,137.968656,0.10141964,27.19219551,-137.8672364
Russia,SSP245,2060,136.942308,0.095631921,27.17634759,-136.8466761
South_Africa,SSP245,2025,60.83074,12.4703017,4.596050074,-48.3604383
South_Africa,SSP245,2030,63.277062,12.32320782,5.037426475,-50.95385418
South_Africa,SSP245,2035,65.254703,12.07293574,5.424066291,-53.18176726
South_Africa,SSP245,2040,66.781834,11.73770036,5.790777361,-55.04413364
South_Africa,SSP245,2045,67.86179,11.33113968,6.137557166,-56.53065032
South_Africa,SSP245,2050,68.422519,10.85352838,6.438870371,-57.56899062
South_Africa,SSP245,2055,68.572309,10.33342439,6.716265417,-58.23888461
South_Africa,SSP245,2060,68.356771,9.785896939,6.972386325,-58.57087406
South_America_Northern,SSP245,2025,31.548351,2.199479973,2.366551246,-29.34887103
South_America_Northern,SSP245,2030,32.869647,2.177017867,2.58834095,-30.69262913
South_America_Northern,SSP245,2035,34.076457,2.144099781,2.812451985,-31.93235722
South_America_Northern,SSP245,2040,35.075065,2.09658584,3.042626579,-32.97847916
South_America_Northern,SSP245,2045,35.84912,2.03571168,3.297974178,-33.81340832
South_America_Northern,SSP245,2050,36.426519,1.965074615,3.54709659,-34.46144439
South_America_Northern,SSP245,2055,36.874842,1.889796968,3.796668867,-34.98504503
South_America_Northern,SSP245,2060,37.22303,1.812259176,4.030940724,-35.41077082
South_America_Southern,SSP245,2025,95.574754,1.94362074,4.59538002,-93.63113326
South_America_Southern,SSP245,2030,99.522735,1.922712029,5.062905594,-97.60002297
South_America_Southern,SSP245,2035,102.90553,1.888662077,5.500636478,-101.0168679
South_America_Southern,SSP245,2040,105.619937,1.841556534,5.952467606,-103.7783805
South_America_Southern,SSP245,2045,107.723359,1.784319591,6.437451491,-105.9390394
South_America_Southern,SSP245,2050,109.239144,1.718955566,6.903162217,-107.5201884
South_America_Southern,SSP245,2055,110.175949,1.647012015,7.365486912,-108.528937
South_America_Southern,SSP245,2060,110.566055,1.570201497,7.798003848,-108.9958535
South_Asia,SSP245,2025,273.864189,13.723573,3.807953892,-260.140616
South_Asia,SSP245,2030,289.765983,13.79440446,4.508452182,-275.9715785
South_Asia,SSP245,2035,303.731175,13.73626089,5.241169739,-289.9949141
South_Asia,SSP245,2040,315.806048,13.56823037,6.090823909,-302.2378176
South_Asia,SSP245,2045,326.048,13.30785045,7.040603586,-312.7401496
South_Asia,SSP245,2050,334.540436,12.97175074,8.067929208,-321.5686853
South_Asia,SSP245,2055,341.324893,12.57307611,9.215005346,-328.7518169
South_Asia,SSP245,2060,346.246773,12.11666,10.42705566,-334.130113
South_Korea,SSP245,2025,51.500459,0.103000918,9.492325351,-51.39745808
South_Korea,SSP245,2030,50.981532,0.096864911,9.720472494,-50.88466709
South_Korea,SSP245,2035,50.254043,0.090708548,9.812592634,-50.16333445
South_Korea,SSP245,2040,49.226524,0.084411182,9.805910773,-49.14211282
South_Korea,SSP245,2045,47.921756,0.07806514,9.742020218,-47.84369086
South_Korea,SSP245,2050,46.463411,0.071905003,9.579608514,-46.391506
South_Korea,SSP245,2055,44.617119,0.065595365,9.362186514,-44.55152364
South_Korea,SSP245,2060,42.474594,0.059323186,9.075136091,-42.41527081
Southeast_Asia,SSP245,2025,430.140213,5.922683077,21.7161416,-424.2175299
Southeast_Asia,SSP245,2030,447.414533,5.852509676,24.20042357,-441.5620233
Southeast_Asia,SSP245,2035,461.815338,5.738838612,26.5489207,-456.0764994
Southeast_Asia,SSP245,2040,473.28993,5.58735838,29.01049133,-467.7025716
Southeast_Asia,SSP245,2045,482.050445,5.406240449,31.56161457,-476.6442046
Southeast_Asia,SSP245,2050,488.228191,5.201748221,33.95322111,-483.0264428
Southeast_Asia,SSP245,2055,491.843869,4.978257333,36.38888129,-486.8656117
Southeast_Asia,SSP245,2060,492.983926,4.740306731,38.71809053,-488.2436193
Taiwan,SSP245,2025,23.486823,0.023486823,4.055253091,-23.46333618
Taiwan,SSP245,2030,23.078263,0.02192435,4.100115485,-23.05633865
Taiwan,SSP245,2035,22.543267,0.020345298,4.112837575,-22.5229217
Taiwan,SSP245,2040,21.840837,0.018725788,4.125022875,-21.82211121
Taiwan,SSP245,2045,21.009436,0.017112318,4.137277745,-20.99232368
Taiwan,SSP245,2050,20.118995,0.015567694,4.131210296,-20.10342731
Taiwan,SSP245,2055,19.145796,0.01407392,4.108734269,-19.13172208
Taiwan,SSP245,2060,18.151153,0.012675627,4.077671919,-18.13847737
USA,SSP245,2025,342.011022,0.684022044,73.17165603,-341.327
USA,SSP245,2030,349.70854,0.664446226,73.59397375,-349.0440938
USA,SSP245,2035,357.25619,0.644847423,73.66555754,-356.6113426
USA,SSP245,2040,364.364764,0.624794479,74.35392041,-363.7399695
USA,SSP245,2045,370.894857,0.604192358,75.63173041,-370.2906646
USA,SSP245,2050,377.02514,0.583469733,76.66302898,-376.4416703
USA,SSP245,2055,382.280259,0.562022237,78.01113074,-381.7182368
USA,SSP245,2060,387.352252,0.541005049,79.64566694,-386.811247
Africa_Eastern,SSP445,2025,376.420761,131.0508874,7.16344076,-245.3698736
Africa_Eastern,SSP445,2030,425.334086,148.0800614,8.230237094,-277.2540246
Africa_Eastern,SSP445,2035,477.715562,166.3166722,9.187028215,-311.3988898
Africa_Eastern,SSP445,2040,532.762234,185.481171,10.18501473,-347.281063
Africa_Eastern,SSP445,2045,588.671953,204.9461396,11.27374793,-383.7258134
Africa_Eastern,SSP445,2050,645.652691,224.7839834,12.43175816,-420.8687076
Africa_Eastern,SSP445,2055,702.774369,244.6708956,13.70248035,-458.1034734
Africa_Eastern,SSP445,2060,760.165242,264.6515279,15.15469648,-495.5137141
Africa_Northern,SSP445,2025,222.373921,1.446042921,9.007015046,-220.9278781
Africa_Northern,SSP445,2030,239.515465,1.557510166,10.32352264,-237.9579548
Africa_Northern,SSP445,2035,257.01158,1.671283099,11.5939719,-255.3402969
Africa_Northern,SSP445,2040,275.229734,1.789751274,12.75094753,-273.4399827
Africa_Northern,SSP445,2045,293.030841,1.905507495,13.8081129,-291.1253335
Africa_Northern,SSP445,2050,310.130446,2.016702021,14.71865543,-308.113744
Africa_Northern,SSP445,2055,326.290572,2.121787346,15.59156889,-324.1687847
Africa_Northern,SSP445,2060,341.619608,2.221468297,16.38390129,-339.3981397
Africa_Southern,SSP445,2025,212.369102,107.189569,4.396492438,-105.179533
Africa_Southern,SSP445,2030,242.313004,122.3032269,4.939164461,-120.0097771
Africa_Southern,SSP445,2035,275.400919,139.00377,5.417730448,-136.397149
Africa_Southern,SSP445,2040,311.401915,157.1746395,5.940652428,-154.2272755
Africa_Southern,SSP445,2045,348.696045,175.9981957,6.583985086,-172.6978493
Africa_Southern,SSP445,2050,387.01935,195.3412099,7.360007047,-191.6781401
Africa_Southern,SSP445,2055,425.883929,214.9574225,8.294859133,-210.9265065
Africa_Southern,SSP445,2060,465.394637,234.8997575,9.421153332,-230.4948795
Africa_Western,SSP445,2025,634.180009,227.5571079,16.15275212,-406.6229011
Africa_Western,SSP445,2030,728.872338,261.5347045,19.05679967,-467.3376335
Africa_Western,SSP445,2035,836.068704,299.9990122,21.80348849,-536.0696918
Africa_Western,SSP445,2040,955.907909,342.9998361,24.59826192,-612.9080729
Africa_Western,SSP445,2045,1083.02472,388.6120179,27.5831076,-694.4127021
Africa_Western,SSP445,2050,1217.074126,436.7117605,30.75422127,-780.3623655
Africa_Western,SSP445,2055,1356.629252,486.7870709,34.22782445,-869.8421811
Africa_Western,SSP445,2060,1500.931502,538.5657492,38.04976955,-962.3657528
Argentina,SSP445,2025,46.167997,0.277007982,3.600060461,-45.89098902
Argentina,SSP445,2030,47.612005,0.28567203,3.827001316,-47.32633297
Argentina,SSP445,2035,49.110833,0.294664998,4.015265074,-48.816168
Argentina,SSP445,2040,50.618582,0.303711492,4.164502261,-50.31487051
Argentina,SSP445,2045,51.964644,0.311787864,4.271278274,-51.65285614
Argentina,SSP445,2050,53.188757,0.319132542,4.349834087,-52.86962446
Argentina,SSP445,2055,54.308621,0.325851726,4.416810017,-53.98276927
Argentina,SSP445,2060,55.302319,0.331813914,4.461052087,-54.97050509
Australia_NZ,SSP445,2025,31.661799,0.158308995,6.67084736,-31.50349001
Australia_NZ,SSP445,2030,32.621349,0.163106745,7.073386783,-32.45824226
Australia_NZ,SSP445,2035,33.414874,0.16707437,7.5079184,-33.24779963
Australia_NZ,SSP445,2040,34.054124,0.17027062,7.9360836,-33.88385338
Australia_NZ,SSP445,2045,34.63501,0.17317505,8.394536487,-34.46183495
Australia_NZ,SSP445,2050,35.172824,0.17586412,8.819842317,-34.99695988
Australia_NZ,SSP445,2055,35.603044,0.17801522,9.218048015,-35.42502878
Australia_NZ,SSP445,2060,35.925002,0.17962501,9.609377539,-35.74537699
Brazil,SSP445,2025,218.130479,7.634566765,14.42934239,-210.4959122
Brazil,SSP445,2030,223.930521,7.837568235,15.2915831,-216.0929528
Brazil,SSP445,2035,228.830662,8.00907317,15.94579344,-220.8215888
Brazil,SSP445,2040,232.657598,8.14301593,16.49386564,-224.5145821
Brazil,SSP445,2045,235.00935,8.22532725,17.00728582,-226.7840228
Brazil,SSP445,2050,236.161616,8.26565656,17.37284915,-227.8959594
Brazil,SSP445,2055,236.474727,8.276615445,17.64109788,-228.1981116
Brazil,SSP445,2060,236.192918,8.26675213,17.78194153,-227.9261659
Canada,SSP445,2025,38.559104,0.077118208,11.69392863,-38.48198579
Canada,SSP445,2030,39.188844,0.078377688,11.9630185,-39.11046631
Canada,SSP445,2035,39.66604,0.07933208,12.2799838,-39.58670792
Canada,SSP445,2040,39.969659,0.079939318,12.58549968,-39.88971968
Canada,SSP445,2045,40.196831,0.080393662,12.89705293,-40.11643734
Canada,SSP445,2050,40.390979,0.080781958,13.15277391,-40.31019704
Canada,SSP445,2055,40.459451,0.080918902,13.38294877,-40.3785321
Canada,SSP445,2060,40.457022,0.080914044,13.61062665,-40.37610796
Central_America_and_Caribbean,SSP445,2025,94.778955,8.716907829,4.033734173,-86.06204717
Central_America_and_Caribbean,SSP445,2030,99.955103,9.192962931,4.369401836,-90.76214007
Central_America_and_Caribbean,SSP445,2035,104.899872,9.647737892,4.687686213,-95.25213411
Central_America_and_Caribbean,SSP445,2040,109.449746,10.066194,5.010965081,-99.383552
Central_America_and_Caribbean,SSP445,2045,113.27241,10.41776793,5.338339086,-102.8546421
Central_America_and_Caribbean,SSP445,2050,116.569609,10.72101436,5.645732595,-105.8485946
Central_America_and_Caribbean,SSP445,2055,119.4327,10.98433548,5.942526769,-108.4483645
Central_America_and_Caribbean,SSP445,2060,122.013766,11.22171849,6.228895185,-110.7920475
Central_Asia,SSP445,2025,100.604246,1.864241415,7.463620408,-98.74000458
Central_Asia,SSP445,2030,106.637774,1.976045372,8.168371229,-104.6617286
Central_Asia,SSP445,2035,112.481624,2.084334511,8.736345538,-110.3972895
Central_Asia,SSP445,2040,118.457653,2.195072986,9.1466976,-116.26258
Central_Asia,SSP445,2045,124.315838,2.303627759,9.392786787,-122.0122102
Central_Asia,SSP445,2050,129.873468,2.406613114,9.462788277,-127.4668549
Central_Asia,SSP445,2055,134.842397,2.498689578,9.435713966,-132.3437074
Central_Asia,SSP445,2060,139.162747,2.578747585,9.363481379,-136.5839994
China,SSP445,2025,1432.361417,1.432361417,133.4721884,-1430.929056
China,SSP445,2030,1418.702416,1.418702416,144.792978,-1417.283714
China,SSP445,2035,1395.714154,1.395714154,151.3209507,-1394.31844
China,SSP445,2040,1364.204875,1.364204875,154.52335,-1362.84067
China,SSP445,2045,1324.366711,1.324366711,154.5765368,-1323.042344
China,SSP445,2050,1274.973647,1.274973647,151.4766427,-1273.698673
China,SSP445,2055,1216.283484,1.216283484,146.2121685,-1215.067201
China,SSP445,2060,1151.15673,1.15115673,139.7788052,-1150.005573
Colombia,SSP445,2025,52.594344,3.15566064,1.865123534,-49.43868336
Colombia,SSP445,2030,54.717013,3.28302078,2.039966763,-51.43399222
Colombia,SSP445,2035,56.584731,3.39508386,2.230656501,-53.18964714
Colombia,SSP445,2040,58.167028,3.49002168,2.43409571,-54.67700632
Colombia,SSP445,2045,59.338277,3.56029662,2.641025681,-55.77798038
Colombia,SSP445,2050,60.2427,3.614562,2.839869619,-56.628138
Colombia,SSP445,2055,60.976144,3.65856864,3.036835359,-57.31757536
Colombia,SSP445,2060,61.593699,3.69562194,3.220880541,-57.89807706
EU_12,SSP445,2025,100.12262,0.511924781,9.873467573,-99.61069522
EU_12,SSP445,2030,97.500253,0.498516675,10.23303391,-97.00173632
EU_12,SSP445,2035,94.623537,0.483808089,10.50156634,-94.13972891
EU_12,SSP445,2040,91.627167,0.468487714,10.59326304,-91.15867929
EU_12,SSP445,2045,88.694442,0.453492755,10.58496909,-88.24094925
EU_12,SSP445,2050,85.849156,0.438944869,10.50721637,-85.41021113
EU_12,SSP445,2055,82.95673,0.424155958,10.39564391,-82.53257404
EU_12,SSP445,2060,79.93195,0.408690324,10.26342857,-79.52325968
EU_15,SSP445,2025,408.882,1.176635976,50.35611527,-407.705364
EU_15,SSP445,2030,408.045607,1.174229095,50.79211608,-406.8713779
EU_15,SSP445,2035,406.535433,1.169883281,51.44044635,-405.3655497
EU_15,SSP445,2040,404.371665,1.163656626,52.11347127,-403.2080084
EU_15,SSP445,2045,402.094867,1.157104705,52.86870595,-400.9377623
EU_15,SSP445,2050,399.506169,1.149655233,53.39602744,-398.3565138
EU_15,SSP445,2055,395.627684,1.138494152,53.73235394,-394.4891898
EU_15,SSP445,2060,390.587669,1.123990547,54.00297275,-389.4636785
Europe_Eastern,SSP445,2025,48.737863,0.048737863,4.226175706,-48.68912514
Europe_Eastern,SSP445,2030,48.810527,0.048810527,4.518561846,-48.76171647
Europe_Eastern,SSP445,2035,48.2324,0.0482324,4.767451659,-48.1841676
Europe_Eastern,SSP445,2040,47.135073,0.047135073,4.956396798,-47.08793793
Europe_Eastern,SSP445,2045,45.746873,0.045746873,5.077726735,-45.70112613
Europe_Eastern,SSP445,2050,44.234974,0.044234974,5.140620276,-44.19073903
Europe_Eastern,SSP445,2055,42.656323,0.042656323,5.183201077,-42.61366668
Europe_Eastern,SSP445,2060,41.067728,0.041067728,5.209997864,-41.02666027
Europe_Non_EU,SSP445,2025,104.620432,0.504690332,7.010086874,-104.1157417
Europe_Non_EU,SSP445,2030,106.619744,0.514335039,7.497239385,-106.105409
Europe_Non_EU,SSP445,2035,107.779593,0.519930166,7.93740726,-107.2596628
Europe_Non_EU,SSP445,2040,108.173968,0.521832636,8.320417819,-107.6521354
Europe_Non_EU,SSP445,2045,107.999985,0.52099334,8.640482491,-107.4789917
Europe_Non_EU,SSP445,2050,107.20832,0.517174337,8.893405498,-106.6911457
Europe_Non_EU,SSP445,2055,105.791235,0.510338301,9.101338911,-105.2808967
Europe_Non_EU,SSP445,2060,103.719402,0.500343751,9.255593159,-103.2190582
European_Free_Trade_Association,SSP445,2025,14.697328,0.010975818,2.526908968,-14.68635218
European_Free_Trade_Association,SSP445,2030,14.926516,0.011146973,2.584999624,-14.91536903
European_Free_Trade_Association,SSP445,2035,15.104578,0.011279948,2.637951977,-15.09329805
European_Free_Trade_Association,SSP445,2040,15.238768,0.01138016,2.679993027,-15.22738784
European_Free_Trade_Association,SSP445,2045,15.3677,0.011476445,2.72378246,-15.35622356
European_Free_Trade_Association,SSP445,2050,15.500148,0.011575356,2.759167281,-15.48857264
European_Free_Trade_Association,SSP445,2055,15.579727,0.011634785,2.787156351,-15.56809222
European_Free_Trade_Association,SSP445,2060,15.603526,0.011652557,2.810746966,-15.59187344
India,SSP445,2025,1450.819208,187.1556778,37.30539562,-1263.66353
India,SSP445,2030,1517.674944,195.7800678,44.28605865,-1321.894876
India,SSP445,2035,1579.093858,203.7031077,50.92309598,-1375.39075
India,SSP445,2040,1633.11499,210.6718337,57.38560287,-1422.443156
India,SSP445,2045,1674.764209,216.044583,63.1200767,-1458.719626
India,SSP445,2050,1706.477412,220.1355861,68.06225953,-1486.341826
India,SSP445,2055,1734.274643,223.7214289,72.31444808,-1510.553214
India,SSP445,2060,1759.309459,226.9509202,75.81795116,-1532.358539
Indonesia,SSP445,2025,281.500166,5.348503154,11.14788924,-276.1516628
Indonesia,SSP445,2030,292.867104,5.564474976,12.87484245,-287.302629
Indonesia,SSP445,2035,302.930656,5.755682464,14.43759408,-297.1749735
Indonesia,SSP445,2040,311.395576,5.916515944,15.91479821,-305.4790601
Indonesia,SSP445,2045,317.780001,6.037820019,17.1833171,-311.742181
Indonesia,SSP445,2050,322.421631,6.126010989,18.16990173,-316.29562
Indonesia,SSP445,2055,326.219773,6.198175687,18.92618486,-320.0215973
Indonesia,SSP445,2060,329.384248,6.258300712,19.41245245,-323.1259473
Japan,SSP445,2025,122.268661,0.855880627,15.8435035,-121.4127804
Japan,SSP445,2030,118.742942,0.831200594,15.84889116,-117.9117414
Japan,SSP445,2035,114.860018,0.804020126,15.8818178,-114.0559979
Japan,SSP445,2040,110.7032,0.7749224,15.83127084,-109.9282776
Japan,SSP445,2045,106.508306,0.745558142,15.78102433,-105.7627479
Japan,SSP445,2050,102.422092,0.716954644,15.63250926,-101.7051374
Japan,SSP445,2055,98.451544,0.689160808,15.41693125,-97.76238319
Japan,SSP445,2060,94.420042,0.660940294,15.16509032,-93.75910171
Mexico,SSP445,2025,130.906117,1.570873404,7.576050778,
Mexico,SSP445,2030,137.111241,1.645334892,8.094304826,
Mexico,SSP445,2035,143.104308,1.717251696,8.602415981,
Mexico,SSP445,2040,148.655872,1.783870464,9.088580948,
Mexico,SSP445,2045,153.322908,1.839874896,9.563028082,
Mexico,SSP445,2050,157.396739,1.888760868,10.02027361,
Mexico,SSP445,2055,161.199088,1.934389056,10.47669423,
Mexico,SSP445,2060,164.792157,1.977505884,10.87568677,
Middle_East,SSP445,2025,292.473185,6.525882238,33.21040062,-285.9473028
Middle_East,SSP445,2030,314.947417,7.027344249,36.94194453,-307.9200728
Middle_East,SSP445,2035,337.195356,7.523757039,40.87935987,-329.671599
Middle_East,SSP445,2040,358.996017,8.010189826,44.84499216,-350.9858272
Middle_East,SSP445,2045,379.341424,8.464151888,48.65535797,-370.8772721
Middle_East,SSP445,2050,397.89649,8.878166512,52.10924645,-389.0183235
Middle_East,SSP445,2055,414.69263,9.252934652,55.53771345,-405.4396953
Middle_East,SSP445,2060,429.717627,9.588183714,58.83816987,-420.1294433
Pakistan,SSP445,2025,250.101977,12.25499687,4.364550141,-237.8469801
Pakistan,SSP445,2030,277.965168,13.62029323,4.850497831,-264.3448748
Pakistan,SSP445,2035,307.890665,15.08664259,5.304714733,-292.8040224
Pakistan,SSP445,2040,339.165912,16.61912969,5.797533229,-322.5467823
Pakistan,SSP445,2045,370.319392,18.14565021,6.316010818,-352.1737418
Pakistan,SSP445,2050,402.129194,19.70433051,6.840951666,-382.4248635
Pakistan,SSP445,2055,434.382283,21.28473187,7.401259548,-413.0975511
Pakistan,SSP445,2060,467.330056,22.89917274,7.983628039,-444.4308833
Russia,SSP445,2025,145.056738,0.145056738,25.51391274,-144.9116813
Russia,SSP445,2030,142.539875,0.142539875,26.30637603,-142.3973351
Russia,SSP445,2035,139.857135,0.139857135,26.89892043,-139.7172779
Russia,SSP445,2040,137.210379,0.137210379,27.21728037,-137.0731686
Russia,SSP445,2045,134.849242,0.134849242,27.19319265,-134.7143928
Russia,SSP445,2050,132.571983,0.132571983,26.89711049,-132.439411
Russia,SSP445,2055,130.01006,0.13001006,26.48455252,-129.8800499
Russia,SSP445,2060,127.13926,0.12713926,26.09938998,-127.0121207
South_Africa,SSP445,2025,60.759327,12.45566204,4.715496516,-48.30366497
South_Africa,SSP445,2030,62.991084,12.91317222,5.110997059,-50.07791178
South_Africa,SSP445,2035,64.95182,13.3151231,5.456393672,-51.6366969
South_Africa,SSP445,2040,66.637015,13.66058808,5.749107593,-52.97642693
South_Africa,SSP445,2045,67.895553,13.91858837,5.975810439,-53.97696464
South_Africa,SSP445,2050,68.703292,14.08417486,6.128378807,-54.61911714
South_Africa,SSP445,2055,69.247635,14.19576518,6.237033528,-55.05186983
South_Africa,SSP445,2060,69.607901,14.26961971,6.314043583,-55.3382813
South_America_Northern,SSP445,2025,31.703699,2.210310486,2.462158582,-29.49338851
South_America_Northern,SSP445,2030,33.30949,2.322262618,2.666631771,-30.98722738
South_America_Northern,SSP445,2035,34.901826,2.433276697,2.883947344,-32.4685493
South_America_Northern,SSP445,2040,36.345581,2.533932044,3.075840685,-33.81164896
South_America_Northern,SSP445,2045,37.545027,2.617554717,3.253500953,-34.92747228
South_America_Northern,SSP445,2050,38.61799,2.692359281,3.406673442,-35.92563072
South_America_Northern,SSP445,2055,39.673753,2.765964699,3.547441585,-36.9077883
South_America_Northern,SSP445,2060,40.73815,2.840172061,3.668307092,-37.89797794
South_America_Southern,SSP445,2025,95.944388,1.951137665,4.812930122,-93.99325033
South_America_Southern,SSP445,2030,100.634838,2.046523272,5.284980272,-98.58831473
South_America_Southern,SSP445,2035,105.032121,2.135946996,5.717879088,-102.896174
South_America_Southern,SSP445,2040,108.957339,2.215770744,6.141921147,-106.7415683
South_America_Southern,SSP445,2045,112.234185,2.282409115,6.567295386,-109.9517759
South_America_Southern,SSP445,2050,115.017711,2.339015265,6.972928934,-112.6786957
South_America_Southern,SSP445,2055,117.389595,2.387250209,7.367634517,-115.0023448
South_America_Southern,SSP445,2060,119.445123,2.429051696,7.734051517,-117.0160713
South_Asia,SSP445,2025,274.910354,13.77599724,3.841773276,-261.1343568
South_Asia,SSP445,2030,292.972519,14.68110806,4.402648874,-278.2914109
South_Asia,SSP445,2035,309.994579,15.53409831,4.864678204,-294.4604807
South_Asia,SSP445,2040,325.9916,16.33572296,5.30687734,-309.655877
South_Asia,SSP445,2045,340.346696,17.05506932,5.708146494,-323.2916267
South_Asia,SSP445,2050,353.505712,17.71447907,6.081528755,-335.7912329
South_Asia,SSP445,2055,365.690706,18.32507973,6.465462534,-347.3656263
South_Asia,SSP445,2060,376.751373,18.87933939,6.84567104,-357.8720336
South_Korea,SSP445,2025,51.433391,0.102866782,10.10278317,-51.33052422
South_Korea,SSP445,2030,50.773034,0.101546068,10.32856383,-50.67148793
South_Korea,SSP445,2035,49.829993,0.099659986,10.41262212,-49.73033301
South_Korea,SSP445,2040,48.526659,0.097053318,10.36118661,-48.42960568
South_Korea,SSP445,2045,46.93699,0.09387398,10.21675842,-46.84311602
South_Korea,SSP445,2050,45.156174,0.090312348,9.975603929,-45.06586165
South_Korea,SSP445,2055,43.00411,0.08600822,9.672566629,-42.91810178
South_Korea,SSP445,2060,40.56283,0.08112566,9.304072883,-40.48170434
Southeast_Asia,SSP445,2025,431.590253,5.942648956,21.91528316,-425.647604
Southeast_Asia,SSP445,2030,451.7687,6.220489862,24.17301757,-445.5482101
Southeast_Asia,SSP445,2035,470.282439,6.475409084,26.12327238,-463.8070299
Southeast_Asia,SSP445,2040,486.917277,6.704457359,28.09562015,-480.2128196
Southeast_Asia,SSP445,2045,500.892743,6.89688823,29.94309297,-493.9958548
Southeast_Asia,SSP445,2050,512.781533,7.060587259,31.59144861,-505.7209457
Southeast_Asia,SSP445,2055,522.900935,7.199923246,33.18013565,-515.7010118
Southeast_Asia,SSP445,2060,531.507122,7.318423485,34.66684383,-524.1886985
Taiwan,SSP445,2025,23.448765,0.023448765,4.042013003,-23.42531624
Taiwan,SSP445,2030,22.966379,0.022966379,4.078276793,-22.94341262
Taiwan,SSP445,2035,22.323569,0.022323569,4.072153233,-22.30124543
Taiwan,SSP445,2040,21.488859,0.021488859,4.070110732,-21.46737014
Taiwan,SSP445,2045,20.524487,0.020524487,4.063427675,-20.50396251
Taiwan,SSP445,2050,19.490786,0.019490786,4.042480698,-19.47129521
Taiwan,SSP445,2055,18.377863,0.018377863,4.008329395,-18.35948514
Taiwan,SSP445,2060,17.241071,0.017241071,3.971351135,-17.22382993
USA,SSP445,2025,341.187033,0.682374066,73.54759613,-340.5046589
USA,SSP445,2030,347.207587,0.694415174,74.13552537,-346.5131718
USA,SSP445,2035,352.054072,0.704108144,74.29458201,-351.3499639
USA,SSP445,2040,355.359562,0.710719124,74.85854276,-354.6488429
USA,SSP445,2045,357.695819,0.715391638,75.70017215,-356.9804274
USA,SSP445,2050,359.142142,0.718284284,76.22595622,-358.4238577
USA,SSP445,2055,359.34716,0.71869432,76.82480491,-358.6284657
USA,SSP445,2060,358.802975,0.71760595,77.55170524,-358.0853691
Africa_Eastern,SSP585,2025,370.57879,129.0170052,7.215175042,-241.5617848
Africa_Eastern,SSP585,2030,407.441479,127.6656753,9.251322168,-279.7758037
Africa_Eastern,SSP585,2035,441.881099,124.6111322,11.95865751,-317.2699668
Africa_Eastern,SSP585,2040,473.269892,120.116537,15.24912127,-353.153355
Africa_Eastern,SSP585,2045,502.869479,114.8660569,18.93066288,-388.0034221
Africa_Eastern,SSP585,2050,529.930204,108.9425705,22.74246904,-420.9876335
Africa_Eastern,SSP585,2055,552.685467,102.2585191,26.64149753,-450.4269479
Africa_Eastern,SSP585,2060,570.836641,95.05518375,30.61797236,-475.7814573
Africa_Northern,SSP585,2025,220.021568,1.430746147,9.432540639,-218.5908219
Africa_Northern,SSP585,2030,232.824643,1.362601256,11.45997472,-231.4620417
Africa_Northern,SSP585,2035,244.0319,1.28537234,13.71496296,-242.7465277
Africa_Northern,SSP585,2040,253.873057,1.203487186,15.83578524,-252.6695698
Africa_Northern,SSP585,2045,262.692808,1.120767556,17.71013932,-261.5720404
Africa_Northern,SSP585,2050,269.888935,1.03632257,19.26833603,-268.8526124
Africa_Northern,SSP585,2055,275.050297,0.950527103,20.6453205,-274.0997699
Africa_Northern,SSP585,2060,278.100221,0.86496041,21.80478592,-277.2352606
Africa_Southern,SSP585,2025,209.079263,105.5290806,4.441147945,-103.5501824
Africa_Southern,SSP585,2030,232.357833,105.5506765,5.430753138,-126.8071565
Africa_Southern,SSP585,2035,254.669295,104.1172764,6.769754208,-150.5520186
Africa_Southern,SSP585,2040,275.54821,101.387944,8.432929661,-174.160266
Africa_Southern,SSP585,2045,295.573459,97.88060968,10.42671906,-197.6928493
Africa_Southern,SSP585,2050,314.329191,93.6824966,12.66085674,-220.6466944
Africa_Southern,SSP585,2055,330.498387,88.65139928,15.06548892,-241.8469877
Africa_Southern,SSP585,2060,343.883702,83.01763432,17.43989191,-260.8660677
Africa_Western,SSP585,2025,622.116249,223.2283774,16.58072308,-398.8878716
Africa_Western,SSP585,2030,690.703797,223.0551272,21.68394456,-467.6486698
Africa_Western,SSP585,2035,758.028072,220.3170793,28.18980867,-537.7109927
Africa_Western,SSP585,2040,822.874046,215.2478145,35.26292932,-607.6262315
Africa_Western,SSP585,2045,886.992238,208.8178956,42.79570991,-678.1743424
Africa_Western,SSP585,2050,947.687229,200.7961738,50.2009918,-746.8910552
Africa_Western,SSP585,2055,1001.869069,191.0486103,57.62101896,-810.8204587
Africa_Western,SSP585,2060,1048.287791,179.9102684,65.0685389,-868.3775226
Argentina,SSP585,2025,45.874512,0.275247072,3.726585214,-45.59926493
Argentina,SSP585,2030,46.755413,0.25247923,4.130432751,-46.50293377
Argentina,SSP585,2035,47.468989,0.230699287,4.54193159,-47.23828971
Argentina,SSP585,2040,47.987106,0.209895602,4.885469513,-47.7772104
Argentina,SSP585,2045,48.362249,0.190382829,5.148448721,-48.17186617
Argentina,SSP585,2050,48.549839,0.172009167,5.333908583,-48.37782983
Argentina,SSP585,2055,48.53103,0.154748275,5.48093138,-48.37628173
Argentina,SSP585,2060,48.261163,0.138498988,5.599006576,-48.12266401
Australia_NZ,SSP585,2025,32.208968,0.16104484,7.039775562,-32.04792316
Australia_NZ,SSP585,2030,33.849208,0.152321436,7.802041814,-33.69688656
Australia_NZ,SSP585,2035,35.456659,0.143599469,8.696616727,-35.31305953
Australia_NZ,SSP585,2040,37.030553,0.134976366,9.636800057,-36.89557663
Australia_NZ,SSP585,2045,38.614275,0.126674129,10.69495551,-38.48760087
Australia_NZ,SSP585,2050,40.201178,0.118691968,11.79359598,-40.08248603
Australia_NZ,SSP585,2055,41.67227,0.110731764,12.94441449,-41.56153824
Australia_NZ,SSP585,2060,43.006432,0.102849216,14.15374274,-42.90358278
Brazil,SSP585,2025,216.971074,7.59398759,14.88045919,-209.3770864
Brazil,SSP585,2030,220.600426,6.948913419,16.623099,-213.6515126
Brazil,SSP585,2035,222.731264,6.314431334,18.45931926,-216.4168327
Brazil,SSP585,2040,223.332975,5.698340857,20.10696126,-217.6346341
Brazil,SSP585,2045,222.817264,5.116664242,21.57426864,-217.7005998
Brazil,SSP585,2050,221.085139,4.56919973,22.72762039,-216.5159393
Brazil,SSP585,2055,218.232602,4.059221328,23.69493856,-214.1733807
Brazil,SSP585,2060,214.260521,3.586805005,24.45962898,-210.673716
Canada,SSP585,2025,39.207187,0.078414374,12.37396245,-39.12877263
Canada,SSP585,2030,40.649497,0.073169095,13.23987091,-40.57632791
Canada,SSP585,2035,42.11675,0.068229135,14.30085187,-42.04852087
Canada,SSP585,2040,43.580671,0.063540618,15.45487774,-43.51713038
Canada,SSP585,2045,45.072932,0.059144701,16.7013068,-45.0137873
Canada,SSP585,2050,46.606012,0.055040768,17.99515786,-46.55097123
Canada,SSP585,2055,47.992121,0.051009962,19.35294092,-47.94111104
Canada,SSP585,2060,49.250608,0.047112826,20.75835114,-49.20349517
Central_America_and_Caribbean,SSP585,2025,93.282236,8.579253204,4.045805293,-84.7029828
Central_America_and_Caribbean,SSP585,2030,96.062274,7.951442274,4.601086703,-88.11083173
Central_America_and_Caribbean,SSP585,2035,98.026568,7.30263097,5.31635162,-90.72393703
Central_America_and_Caribbean,SSP585,2040,99.185116,6.650044811,6.086633784,-92.53507119
Central_America_and_Caribbean,SSP585,2045,99.754247,6.019382902,6.857414617,-93.7348641
Central_America_and_Caribbean,SSP585,2050,99.687281,5.413807828,7.545446373,-94.27347317
Central_America_and_Caribbean,SSP585,2055,98.987199,4.838209054,8.131871139,-94.14898995
Central_America_and_Caribbean,SSP585,2060,97.69957,4.297746113,8.562797255,-93.40182389
Central_Asia,SSP585,2025,99.134715,1.837010352,7.767322006,-97.29770465
Central_Asia,SSP585,2030,103.036338,1.718378245,8.82015217,-101.3179598
Central_Asia,SSP585,2035,106.154558,1.593343843,9.749206268,-104.5612142
Central_Asia,SSP585,2040,108.704906,1.46846133,10.39652071,-107.2364447
Central_Asia,SSP585,2045,110.856116,1.347769231,10.80487601,-109.5083468
Central_Asia,SSP585,2050,112.310636,1.228907728,10.95130384,-111.0817283
Central_Asia,SSP585,2055,112.861621,1.111442966,10.94273049,-111.750178
Central_Asia,SSP585,2060,112.515549,0.997231414,10.83838346,-111.5183176
China,SSP585,2025,1433.726509,1.433726509,140.091763,-1432.292782
China,SSP585,2030,1423.329368,1.280996431,161.2988904,-1422.048372
China,SSP585,2035,1406.617323,1.139360032,176.9830925,-1405.477963
China,SSP585,2040,1385.02727,1.00968488,186.2084839,-1384.017585
China,SSP585,2045,1357.741363,0.890814108,190.9486977,-1356.850549
China,SSP585,2050,1322.550615,0.780952913,190.8629793,-1321.769662
China,SSP585,2055,1278.631158,0.679517021,187.6493335,-1277.951641
China,SSP585,2060,1228.209452,0.587448773,182.5425397,-1227.622003
Colombia,SSP585,2025,52.148301,3.12889806,1.9150278,-49.01940294
Colombia,SSP585,2030,53.508486,2.889458244,2.248984832,-50.61902776
Colombia,SSP585,2035,54.417535,2.644692201,2.681811164,-51.7728428
Colombia,SSP585,2040,54.885169,2.400677292,3.15456683,-52.48449171
Colombia,SSP585,2045,55.012087,2.165605817,3.632360886,-52.84648118
Colombia,SSP585,2050,54.81109,1.941924032,4.071849175,-52.86916597
Colombia,SSP585,2055,54.304074,1.731564683,4.471519217,-52.57250932
Colombia,SSP585,2060,53.501802,1.535384762,4.813612978,-51.96641724
EU_12,SSP585,2025,100.167516,0.512154333,10.32173717,-99.65536167
EU_12,SSP585,2030,97.887256,0.450445872,11.13911577,-97.43681013
EU_12,SSP585,2035,95.635957,0.396077502,11.89433222,-95.2398795
EU_12,SSP585,2040,93.536308,0.348643602,12.44723999,-93.1876644
EU_12,SSP585,2045,91.651216,0.307455465,12.88760146,-91.34376054
EU_12,SSP585,2050,89.952935,0.271582532,13.22061172,-89.68135247
EU_12,SSP585,2055,88.228916,0.239739694,13.51967028,-87.98917631
EU_12,SSP585,2060,86.401001,0.211295519,13.7915674,-86.18970548
EU_15,SSP585,2025,413.36468,1.189535743,52.42626908,-412.1751443
EU_15,SSP585,2030,418.665488,1.084310846,54.71170693,-417.5811772
EU_15,SSP585,2035,424.739387,0.990037592,57.7835626,-423.7493494
EU_15,SSP585,2040,431.513995,0.905245854,61.16430105,-430.6087491
EU_15,SSP585,2045,439.008146,0.828870622,64.99586588,-438.1792754
EU_15,SSP585,2050,446.86232,0.759329747,68.79074857,-446.1029903
EU_15,SSP585,2055,453.495384,0.693540869,72.73152374,-452.8018431
EU_15,SSP585,2060,458.720492,0.631378571,76.90339551,-458.0891134
Europe_Eastern,SSP585,2025,48.877764,0.048877764,4.524692359,-48.82888624
Europe_Eastern,SSP585,2030,49.382648,0.044444383,5.158743628,-49.33820362
Europe_Eastern,SSP585,2035,49.413046,0.040024567,5.799680953,-49.37302143
Europe_Eastern,SSP585,2040,49.083102,0.035781581,6.317107161,-49.04732042
Europe_Eastern,SSP585,2045,48.548014,0.031852352,6.681699461,-48.51616165
Europe_Eastern,SSP585,2050,47.941796,0.028309151,6.888142376,-47.91348685
Europe_Eastern,SSP585,2055,47.27064,0.025121556,6.999494061,-47.24551844
Europe_Eastern,SSP585,2060,46.565446,0.022272108,7.062077421,-46.54317389
Europe_Non_EU,SSP585,2025,104.422504,0.503735525,7.193577587,-103.9187685
Europe_Non_EU,SSP585,2030,106.37702,0.461847722,8.045997195,-105.9151723
Europe_Non_EU,SSP585,2035,107.774137,0.421122115,8.943677004,-107.3530149
Europe_Non_EU,SSP585,2040,108.740713,0.382409067,9.752502081,-108.3583039
Europe_Non_EU,SSP585,2045,109.380695,0.346193726,10.46305805,-109.0345013
Europe_Non_EU,SSP585,2050,109.536978,0.31201953,11.00779122,-109.2249585
Europe_Non_EU,SSP585,2055,109.176326,0.279892981,11.45043958,-108.896433
Europe_Non_EU,SSP585,2060,108.231544,0.249723778,11.78743141,-107.9818202
European_Free_Trade_Association,SSP585,2025,14.936183,0.011154192,2.679634399,-14.92502881
European_Free_Trade_Association,SSP585,2030,15.469318,0.010397099,2.848134735,-15.4589209
European_Free_Trade_Association,SSP585,2035,16.01426,0.009687025,3.034158428,-16.00457298
European_Free_Trade_Association,SSP585,2040,16.572058,0.009021993,3.219654951,-16.56303601
European_Free_Trade_Association,SSP585,2045,17.158141,0.008406956,3.423316038,-17.14973404
European_Free_Trade_Association,SSP585,2050,17.775692,0.007838583,3.630426234,-17.76785342
European_Free_Trade_Association,SSP585,2055,18.342878,0.007279827,3.855168161,-18.33559817
European_Free_Trade_Association,SSP585,2060,18.845305,0.006731305,4.089105292,-18.8385737
India,SSP585,2025,1439.595915,185.707873,38.45777377,-1253.888042
India,SSP585,2030,1484.725001,172.3765726,50.07949452,-1312.348428
India,SSP585,2035,1516.708883,158.4809112,63.50700722,-1358.227972
India,SSP585,2040,1535.492583,144.399258,77.12042816,-1391.093325
India,SSP585,2045,1544.043294,130.6830379,89.60385322,-1413.360256
India,SSP585,2050,1541.934803,117.4541236,100.3435845,-1424.480679
India,SSP585,2055,1530.971382,104.9571041,109.2971226,-1426.014278
India,SSP585,2060,1511.441644,93.25640302,116.2959777,-1418.185241
Indonesia,SSP585,2025,279.707619,5.314444761,11.06677148,-274.3931742
Indonesia,SSP585,2030,287.911781,4.923291455,13.46743168,-282.9884895
Indonesia,SSP585,2035,293.733618,4.520560381,16.11356703,-289.2130576
Indonesia,SSP585,2040,297.023369,4.114070684,18.66762688,-292.9092983
Indonesia,SSP585,2045,298.464415,3.720627551,20.84457454,-294.7437874
Indonesia,SSP585,2050,297.978857,3.34311717,22.52535379,-294.6357398
Indonesia,SSP585,2055,295.860004,2.987410591,23.82569945,-292.8725934
Indonesia,SSP585,2060,292.000788,2.653598362,24.75627431,-289.3471896
Japan,SSP585,2025,122.976188,0.860833316,16.67015647,-122.1153547
Japan,SSP585,2030,120.518186,0.759264572,17.42141152,-119.7589214
Japan,SSP585,2035,117.991185,0.669010019,18.26938384,-117.322175
Japan,SSP585,2040,115.405393,0.58891372,18.98798683,-114.8164793
Japan,SSP585,2045,112.833694,0.518211306,19.64987108,-112.3154827
Japan,SSP585,2050,110.380466,0.45624993,20.21587375,-109.9242161
Japan,SSP585,2055,108.066746,0.402017697,20.73510295,-107.6647283
Japan,SSP585,2060,105.768492,0.354121193,21.160835,-105.4143708
Mexico,SSP585,2025,129.37979,1.55255748,7.611542955,
Mexico,SSP585,2030,133.035418,1.436782514,8.408681654,
Mexico,SSP585,2035,135.751911,1.319508575,9.367367945,
Mexico,SSP585,2040,137.487821,1.202743458,10.31395773,
Mexico,SSP585,2045,138.490663,1.090364688,11.20616656,
Mexico,SSP585,2050,138.68185,0.982682947,11.97676185,
Mexico,SSP585,2055,138.123709,0.880855224,12.66795223,
Mexico,SSP585,2060,136.81211,0.785241697,13.24779654,
Middle_East,SSP585,2025,291.79975,6.510856048,33.45240341,-285.288894
Middle_East,SSP585,2030,311.445831,6.254292799,37.77860195,-305.1915382
Middle_East,SSP585,2035,328.944343,5.945119915,42.47849084,-322.9992231
Middle_East,SSP585,2040,344.297277,5.600338712,46.92303958,-338.6969383
Middle_East,SSP585,2045,357.993612,5.240810939,50.7595379,-352.7528011
Middle_East,SSP585,2050,369.438082,4.86751598,53.88909939,-364.570566
Middle_East,SSP585,2055,378.345193,4.486384124,56.6629054,-373.8588089
Middle_East,SSP585,2060,384.418074,4.102556233,59.10600451,-380.3155178
Pakistan,SSP585,2025,245.34627,12.02196723,4.235762223,-233.3243028
Pakistan,SSP585,2030,264.535361,11.66600942,5.049189724,-252.8693516
Pakistan,SSP585,2035,281.869962,11.18741879,6.213397349,-270.6825432
Pakistan,SSP585,2040,296.810216,10.60235773,7.648714919,-286.2078583
Pakistan,SSP585,2045,310.20036,9.972600354,9.273900562,-300.2277596
Pakistan,SSP585,2050,321.781332,9.310424278,10.89086687,-312.4709077
Pakistan,SSP585,2055,330.803465,8.614323688,12.48735478,-322.1891413
Pakistan,SSP585,2060,337.195882,7.902707508,13.95866118,-329.2931745
Russia,SSP585,2025,146.489421,0.146489421,27.1310768,-146.3429316
Russia,SSP585,2030,145.901069,0.131310962,29.35643374,-145.769758
Russia,SSP585,2035,145.640539,0.117968837,31.23254913,-145.5225702
Russia,SSP585,2040,145.897074,0.106358967,32.49492409,-145.790715
Russia,SSP585,2045,146.721008,0.096263653,33.28217088,-146.6247443
Russia,SSP585,2050,147.793949,0.087270849,33.48642874,-147.7066782
Russia,SSP585,2055,148.575801,0.078959272,33.43686373,-148.4968417
Russia,SSP585,2060,148.980811,0.07125706,33.31262914,-148.9095539
South_Africa,SSP585,2025,60.841813,12.47257167,5.053262668,-48.36924133
South_Africa,SSP585,2030,63.364961,11.6908353,5.821823871,-51.6741257
South_Africa,SSP585,2035,65.327298,10.84759783,6.635699164,-54.47970017
South_Africa,SSP585,2040,66.736143,9.973382891,7.386866418,-56.76276011
South_Africa,SSP585,2045,67.763683,9.114249245,8.044609081,-58.64943376
South_Africa,SSP585,2050,68.487782,8.290476831,8.58321513,-60.19730517
South_Africa,SSP585,2055,68.692938,7.483779951,9.019274386,-61.20915805
South_Africa,SSP585,2060,68.395961,6.706283104,9.358029472,-61.6896779
South_America_Northern,SSP585,2025,31.344738,2.185284533,2.51540278,-29.15945347
South_America_Northern,SSP585,2030,32.343339,2.029414271,2.87146677,-30.31392473
South_America_Northern,SSP585,2035,33.14662,1.871835227,3.305569238,-31.27478477
South_America_Northern,SSP585,2040,33.681223,1.711822495,3.735701226,-31.96940051
South_America_Northern,SSP585,2045,34.010768,1.555714231,4.144847149,-32.45505377
South_America_Northern,SSP585,2050,34.135523,1.405278676,4.48671506,-32.73024432
South_America_Northern,SSP585,2055,34.091182,1.263107936,4.797930035,-32.82807406
South_America_Northern,SSP585,2060,33.899121,1.130392718,5.062172117,-32.76872828
South_America_Southern,SSP585,2025,94.843559,1.928751062,4.832012921,-92.91480794
South_America_Southern,SSP585,2030,97.704727,1.788242535,5.554944215,-95.91648447
South_America_Southern,SSP585,2035,99.757675,1.643234988,6.34983043,-98.11444001
South_America_Southern,SSP585,2040,100.969769,1.496880831,7.113102883,-99.47288817
South_America_Southern,SSP585,2045,101.617975,1.355841459,7.810925893,-100.2621335
South_America_Southern,SSP585,2050,101.678444,1.220983442,8.361187297,-100.4574606
South_America_Southern,SSP585,2055,101.131083,1.092969519,8.822834956,-100.0381135
South_America_Southern,SSP585,2060,99.976317,0.972440495,9.184592653,-99.00387651
South_Asia,SSP585,2025,271.18975,13.58955453,3.855253256,-257.6001955
South_Asia,SSP585,2030,283.127353,12.76898239,4.936037234,-270.3583706
South_Asia,SSP585,2035,292.155606,11.85853919,6.39639783,-280.2970668
South_Asia,SSP585,2040,298.467003,10.9032458,8.085481737,-287.5637572
South_Asia,SSP585,2045,302.901963,9.958732697,9.85382105,-292.9432303
South_Asia,SSP585,2050,305.344415,9.035131504,11.54494391,-296.3092835
South_Asia,SSP585,2055,305.738841,8.142122301,13.1001104,-297.5967187
South_Asia,SSP585,2060,304.018294,7.286672217,14.42819643,-296.7316218
South_Korea,SSP585,2025,51.509168,0.103018336,10.55242428,-51.40614966
South_Korea,SSP585,2030,51.053083,0.091895549,11.1288881,-50.96118745
South_Korea,SSP585,2035,50.444207,0.081719615,11.60609748,-50.36248739
South_Korea,SSP585,2040,49.605388,0.072324656,11.92168699,-49.53306334
South_Korea,SSP585,2045,48.582048,0.063749363,12.12469457,-48.51829864
South_Korea,SSP585,2050,47.467666,0.056058364,12.22016426,-47.41160764
South_Korea,SSP585,2055,46.014566,0.048908054,12.24884357,-45.96565795
South_Korea,SSP585,2060,44.212965,0.042293848,12.21160237,-44.17067115
Southeast_Asia,SSP585,2025,428.429277,5.899124871,22.4577141,-422.5301521
Southeast_Asia,SSP585,2030,442.497058,5.483544161,26.29843919,-437.0135138
Southeast_Asia,SSP585,2035,452.746496,5.049502191,30.58032082,-447.6969938
Southeast_Asia,SSP585,2040,459.320091,4.610536015,34.97092472,-454.709555
Southeast_Asia,SSP585,2045,463.400443,4.186344177,39.13258436,-459.2140988
Southeast_Asia,SSP585,2050,464.876976,3.779714815,42.74119876,-461.0972612
Southeast_Asia,SSP585,2055,463.583754,3.392280164,45.80488634,-460.1914738
Southeast_Asia,SSP585,2060,459.455674,3.025865597,48.30678639,-456.4298084
Taiwan,SSP585,2025,23.261947,0.023261947,4.162091649,-23.23868505
Taiwan,SSP585,2030,22.663847,0.020397462,4.301296757,-22.64344954
Taiwan,SSP585,2035,21.982534,0.017805853,4.406357578,-21.96472815
Taiwan,SSP585,2040,21.188059,0.015446095,4.491276364,-21.17261291
Taiwan,SSP585,2045,20.324051,0.01333461,4.546619402,-20.31071639
Taiwan,SSP585,2050,19.440592,0.011479475,4.568427057,-19.42911253
Taiwan,SSP585,2055,18.509017,0.009836451,4.561481879,-18.49918055
Taiwan,SSP585,2060,17.569078,0.008403236,4.541493026,-17.56067476
USA,SSP585,2025,345.660218,0.691320436,78.66240838,-344.9688976
USA,SSP585,2030,357.460486,0.643428875,82.91422931,-356.8170571
USA,SSP585,2035,369.492879,0.598578464,87.12243882,-368.8943005
USA,SSP585,2040,381.278024,0.555903359,91.94170085,-380.7221206
USA,SSP585,2045,392.805178,0.515438955,97.34100687,-392.289739
USA,SSP585,2050,403.942975,0.477048575,102.8395861,-403.4659264
USA,SSP585,2055,413.780938,0.439800311,108.8919761,-413.3411377
USA,SSP585,2060,422.728721,0.404379674,115.4231578,-422.3243413